{"schemaVersion":22,"addons":[{"id":"onboarding@mozilla.org","syncGUID":"{f3f4a961-d06f-4e28-baa3-8f8301e87840}","location":"app-system-defaults","version":"0.1","type":"extension","internalName":null,"updateURL":null,"updateKey":null,"optionsURL":null,"optionsType":null,"aboutURL":null,"defaultLocale":{"name":"Photon onboarding","description":"Photon onboarding","creator":null,"homepageURL":null},"visible":true,"active":true,"userDisabled":false,"appDisabled":false,"installDate":1506457120000,"updateDate":1506457120000,"applyBackgroundUpdates":1,"bootstrap":true,"path":"/opt/firefox/browser/features/onboarding@mozilla.org.xpi","skinnable":false,"size":426439,"sourceURI":null,"releaseNotesURI":null,"softDisabled":false,"foreignInstall":false,"hasBinaryComponents":false,"strictCompatibility":false,"locales":[],"targetApplications":[{"id":"{ec8030f7-c20a-464f-9b0e-13a3a9e97384}","minVersion":"56.0","maxVersion":"56.*"}],"targetPlatforms":[],"multiprocessCompatible":true,"seen":true,"dependencies":[],"hasEmbeddedWebExtension":false,"mpcOptedOut":false,"userPermissions":null,"icons":{},"iconURL":null,"icon64URL":null,"blocklistState":0,"blocklistURL":null},{"id":"webcompat@mozilla.org","syncGUID":"{01f193fd-5f05-481f-be26-f8e674268e77}","location":"app-system-defaults","version":"1.1","type":"extension","internalName":null,"updateURL":null,"updateKey":null,"optionsURL":null,"optionsType":null,"aboutURL":null,"defaultLocale":{"name":"Web Compat","description":"Urgent post-release fixes for web compatibility.","creator":null,"homepageURL":null},"visible":true,"active":true,"userDisabled":false,"appDisabled":false,"installDate":1506457120000,"updateDate":1506457120000,"applyBackgroundUpdates":1,"bootstrap":true,"path":"/opt/firefox/browser/features/webcompat@mozilla.org.xpi","skinnable":false,"size":8990,"sourceURI":null,"releaseNotesURI":null,"softDisabled":false,"foreignInstall":false,"hasBinaryComponents":false,"strictCompatibility":false,"locales":[],"targetApplications":[{"id":"{ec8030f7-c20a-464f-9b0e-13a3a9e97384}","minVersion":"56.0","maxVersion":"56.*"}],"targetPlatforms":[],"multiprocessCompatible":true,"seen":true,"dependencies":[],"hasEmbeddedWebExtension":false,"mpcOptedOut":false,"userPermissions":null,"icons":{},"iconURL":null,"icon64URL":null,"blocklistState":0,"blocklistURL":null},{"id":"followonsearch@mozilla.com","syncGUID":"{edcd000f-f0b3-401f-988b-d4c701594749}","location":"app-system-defaults","version":"0.9.3","type":"extension","internalName":null,"updateURL":null,"updateKey":null,"optionsURL":null,"optionsType":null,"aboutURL":null,"defaultLocale":{"name":"Follow-on Search Telemetry","description":null,"creator":null,"homepageURL":null},"visible":true,"active":true,"userDisabled":false,"appDisabled":false,"installDate":1506457120000,"updateDate":1506457120000,"applyBackgroundUpdates":1,"bootstrap":true,"path":"/opt/firefox/browser/features/followonsearch@mozilla.com.xpi","skinnable":false,"size":16802,"sourceURI":null,"releaseNotesURI":null,"softDisabled":false,"foreignInstall":false,"hasBinaryComponents":false,"strictCompatibility":false,"locales":[],"targetApplications":[{"id":"{ec8030f7-c20a-464f-9b0e-13a3a9e97384}","minVersion":"52.0","maxVersion":"59.*"}],"targetPlatforms":[],"multiprocessCompatible":true,"seen":true,"dependencies":[],"hasEmbeddedWebExtension":false,"mpcOptedOut":false,"userPermissions":null,"icons":{},"iconURL":null,"icon64URL":null,"blocklistState":0,"blocklistURL":null},{"id":"clicktoplay-rollout@mozilla.org","syncGUID":"{184a43f0-260f-4d6a-9b9c-8244d9750c5f}","location":"app-system-defaults","version":"1.4","type":"extension","internalName":null,"updateURL":null,"updateKey":null,"optionsURL":null,"optionsType":null,"aboutURL":null,"defaultLocale":{"name":"Click-to-Play staged rollout","description":"Staged rollout for Click-to-Play Flash.","creator":null,"homepageURL":null},"visible":true,"active":true,"userDisabled":false,"appDisabled":false,"installDate":1506457120000,"updateDate":1506457120000,"applyBackgroundUpdates":1,"bootstrap":true,"path":"/opt/firefox/browser/features/clicktoplay-rollout@mozilla.org.xpi","skinnable":false,"size":5779,"sourceURI":null,"releaseNotesURI":null,"softDisabled":false,"foreignInstall":false,"hasBinaryComponents":false,"strictCompatibility":false,"locales":[],"targetApplications":[{"id":"{ec8030f7-c20a-464f-9b0e-13a3a9e97384}","minVersion":"56.0","maxVersion":"56.*"}],"targetPlatforms":[],"multiprocessCompatible":true,"seen":true,"dependencies":[],"hasEmbeddedWebExtension":false,"mpcOptedOut":false,"userPermissions":null,"icons":{},"iconURL":null,"icon64URL":null,"blocklistState":0,"blocklistURL":null},{"id":"formautofill@mozilla.org","syncGUID":"{d74740a6-888f-49a1-b82a-53ea9a8ab0b0}","location":"app-system-defaults","version":"1.0","type":"extension","internalName":null,"updateURL":null,"updateKey":null,"optionsURL":null,"optionsType":null,"aboutURL":null,"defaultLocale":{"name":"Form Autofill","description":"Autofill forms with saved profiles","creator":null,"homepageURL":null},"visible":true,"active":true,"userDisabled":false,"appDisabled":false,"installDate":1506457120000,"updateDate":1506457120000,"applyBackgroundUpdates":1,"bootstrap":true,"path":"/opt/firefox/browser/features/formautofill@mozilla.org.xpi","skinnable":false,"size":335585,"sourceURI":null,"releaseNotesURI":null,"softDisabled":false,"foreignInstall":false,"hasBinaryComponents":false,"strictCompatibility":false,"locales":[],"targetApplications":[{"id":"{ec8030f7-c20a-464f-9b0e-13a3a9e97384}","minVersion":"56.0","maxVersion":"56.*"}],"targetPlatforms":[],"multiprocessCompatible":true,"seen":true,"dependencies":[],"hasEmbeddedWebExtension":false,"mpcOptedOut":false,"userPermissions":null,"icons":{},"iconURL":null,"icon64URL":null,"blocklistState":0,"blocklistURL":null},{"id":"shield-recipe-client@mozilla.org","syncGUID":"{fb535815-a533-4aa3-913e-46ce9ec328a4}","location":"app-system-defaults","version":"65","type":"extension","internalName":null,"updateURL":null,"updateKey":null,"optionsURL":null,"optionsType":null,"aboutURL":null,"defaultLocale":{"name":"Shield Recipe Client","description":"Client to download and run recipes for SHIELD, Heartbeat, etc.","creator":null,"homepageURL":null},"visible":true,"active":true,"userDisabled":false,"appDisabled":false,"installDate":1506457120000,"updateDate":1506457120000,"applyBackgroundUpdates":1,"bootstrap":true,"path":"/opt/firefox/browser/features/shield-recipe-client@mozilla.org.xpi","skinnable":false,"size":362688,"sourceURI":null,"releaseNotesURI":null,"softDisabled":false,"foreignInstall":false,"hasBinaryComponents":false,"strictCompatibility":false,"locales":[],"targetApplications":[{"id":"{ec8030f7-c20a-464f-9b0e-13a3a9e97384}","minVersion":"56.0","maxVersion":"56.*"}],"targetPlatforms":[],"multiprocessCompatible":true,"seen":true,"dependencies":[],"hasEmbeddedWebExtension":false,"mpcOptedOut":false,"userPermissions":null,"icons":{},"iconURL":null,"icon64URL":null,"blocklistState":0,"blocklistURL":null},{"id":"firefox@getpocket.com","syncGUID":"{9cf4077e-1a57-47a6-a99d-8ff2c24f011a}","location":"app-system-defaults","version":"1.0.5","type":"extension","internalName":null,"updateURL":null,"updateKey":null,"optionsURL":null,"optionsType":null,"aboutURL":null,"defaultLocale":{"name":"Pocket","description":"When you find something you want to view later, put it in Pocket.","creator":null,"homepageURL":null},"visible":true,"active":true,"userDisabled":false,"appDisabled":false,"installDate":1506457120000,"updateDate":1506457120000,"applyBackgroundUpdates":1,"bootstrap":true,"path":"/opt/firefox/browser/features/firefox@getpocket.com.xpi","skinnable":false,"size":994832,"sourceURI":null,"releaseNotesURI":null,"softDisabled":false,"foreignInstall":false,"hasBinaryComponents":false,"strictCompatibility":false,"locales":[],"targetApplications":[{"id":"{ec8030f7-c20a-464f-9b0e-13a3a9e97384}","minVersion":"56.0","maxVersion":"56.*"}],"targetPlatforms":[],"multiprocessCompatible":true,"seen":true,"dependencies":[],"hasEmbeddedWebExtension":false,"mpcOptedOut":false,"userPermissions":null,"icons":{},"iconURL":null,"icon64URL":null,"blocklistState":0,"blocklistURL":null},{"id":"screenshots@mozilla.org","syncGUID":"{d1557215-ce4f-4207-a834-b26d5d249609}","location":"app-system-defaults","version":"10.12.0","type":"extension","internalName":null,"updateURL":null,"updateKey":null,"optionsURL":null,"optionsType":null,"aboutURL":null,"defaultLocale":{"name":"Firefox Screenshots","description":null,"creator":null,"homepageURL":"https://pageshot.net/"},"visible":true,"active":true,"userDisabled":false,"appDisabled":false,"installDate":1506457120000,"updateDate":1506457120000,"applyBackgroundUpdates":1,"bootstrap":true,"path":"/opt/firefox/browser/features/screenshots@mozilla.org.xpi","skinnable":false,"size":714554,"sourceURI":null,"releaseNotesURI":null,"softDisabled":false,"foreignInstall":false,"hasBinaryComponents":false,"strictCompatibility":false,"locales":[],"targetApplications":[{"id":"{ec8030f7-c20a-464f-9b0e-13a3a9e97384}","minVersion":"51.0a1","maxVersion":"*"}],"targetPlatforms":[],"multiprocessCompatible":true,"seen":true,"dependencies":[],"hasEmbeddedWebExtension":false,"mpcOptedOut":false,"userPermissions":null,"icons":{},"iconURL":null,"icon64URL":null,"blocklistState":0,"blocklistURL":null},{"id":"aushelper@mozilla.org","syncGUID":"{4d721f7d-e068-4a21-95e7-3c8deaea24fa}","location":"app-system-defaults","version":"2.0","type":"extension","internalName":null,"updateURL":null,"updateKey":null,"optionsURL":null,"optionsType":null,"aboutURL":null,"defaultLocale":{"name":"Application Update Service Helper","description":"Sets value(s) in the update url based on custom checks.","creator":null,"homepageURL":null},"visible":true,"active":true,"userDisabled":false,"appDisabled":false,"installDate":1506457120000,"updateDate":1506457120000,"applyBackgroundUpdates":1,"bootstrap":true,"path":"/opt/firefox/browser/features/aushelper@mozilla.org.xpi","skinnable":false,"size":8486,"sourceURI":null,"releaseNotesURI":null,"softDisabled":false,"foreignInstall":false,"hasBinaryComponents":false,"strictCompatibility":false,"locales":[],"targetApplications":[{"id":"{ec8030f7-c20a-464f-9b0e-13a3a9e97384}","minVersion":"56.0","maxVersion":"56.*"}],"targetPlatforms":[],"multiprocessCompatible":true,"seen":true,"dependencies":[],"hasEmbeddedWebExtension":false,"mpcOptedOut":false,"userPermissions":null,"icons":{},"iconURL":null,"icon64URL":null,"blocklistState":0,"blocklistURL":null},{"id":"activity-stream@mozilla.org","syncGUID":"{90d80647-6c2b-4fd2-aae8-9fd0ba7e566c}","location":"app-system-defaults","version":"0.0.0","type":"extension","internalName":null,"updateURL":null,"updateKey":null,"optionsURL":null,"optionsType":null,"aboutURL":null,"defaultLocale":{"name":"Activity Stream","description":"A rich visual history feed and a reimagined home page make it easier than ever to find exactly what you're looking for in Firefox.","creator":null,"homepageURL":null},"visible":true,"active":true,"userDisabled":false,"appDisabled":false,"installDate":1506457120000,"updateDate":1506457120000,"applyBackgroundUpdates":1,"bootstrap":true,"path":"/opt/firefox/browser/features/activity-stream@mozilla.org.xpi","skinnable":false,"size":1280296,"sourceURI":null,"releaseNotesURI":null,"softDisabled":false,"foreignInstall":false,"hasBinaryComponents":false,"strictCompatibility":false,"locales":[],"targetApplications":[{"id":"{ec8030f7-c20a-464f-9b0e-13a3a9e97384}","minVersion":"56.0","maxVersion":"56.*"}],"targetPlatforms":[],"multiprocessCompatible":true,"seen":true,"dependencies":[],"hasEmbeddedWebExtension":false,"mpcOptedOut":false,"userPermissions":null,"icons":{},"iconURL":null,"icon64URL":null,"blocklistState":0,"blocklistURL":null},{"id":"e10srollout@mozilla.org","syncGUID":"{d0517a98-a9d6-4e68-803b-c5a20e1d7806}","location":"app-system-defaults","version":"3.00","type":"extension","internalName":null,"updateURL":null,"updateKey":null,"optionsURL":null,"optionsType":null,"aboutURL":null,"defaultLocale":{"name":"Multi-process staged rollout","description":"Staged rollout of Firefox multi-process feature.","creator":null,"homepageURL":null},"visible":true,"active":true,"userDisabled":false,"appDisabled":false,"installDate":1506457120000,"updateDate":1506457120000,"applyBackgroundUpdates":1,"bootstrap":true,"path":"/opt/firefox/browser/features/e10srollout@mozilla.org.xpi","skinnable":false,"size":13710,"sourceURI":null,"releaseNotesURI":null,"softDisabled":false,"foreignInstall":false,"hasBinaryComponents":false,"strictCompatibility":false,"locales":[],"targetApplications":[{"id":"{ec8030f7-c20a-464f-9b0e-13a3a9e97384}","minVersion":"56.0","maxVersion":"56.*"}],"targetPlatforms":[],"multiprocessCompatible":true,"seen":true,"dependencies":[],"hasEmbeddedWebExtension":false,"mpcOptedOut":false,"userPermissions":null,"icons":{},"iconURL":null,"icon64URL":null,"blocklistState":0,"blocklistURL":null},{"id":"{972ce4c6-7e08-4474-a285-3208198ce6fd}","syncGUID":"{8c6cf7e0-6c24-49a2-8386-2f9629b45e64}","location":"app-global","version":"56.0","type":"theme","internalName":"classic/1.0","updateURL":null,"updateKey":null,"optionsURL":null,"optionsType":null,"optionsBrowserStyle":null,"aboutURL":null,"defaultLocale":{"name":"Default","description":"The default theme.","creator":"Mozilla","homepageURL":null,"contributors":["Mozilla Contributors"]},"visible":true,"active":true,"userDisabled":false,"appDisabled":false,"installDate":1506457120000,"updateDate":1506457120000,"applyBackgroundUpdates":1,"path":"/opt/firefox/browser/extensions/{972ce4c6-7e08-4474-a285-3208198ce6fd}.xpi","skinnable":true,"size":2912,"sourceURI":null,"releaseNotesURI":null,"softDisabled":false,"foreignInstall":false,"hasBinaryComponents":false,"strictCompatibility":true,"locales":[],"targetApplications":[{"id":"{ec8030f7-c20a-464f-9b0e-13a3a9e97384}","minVersion":"56.0","maxVersion":"56.0"}],"targetPlatforms":[],"seen":true,"dependencies":[],"hasEmbeddedWebExtension":false,"userPermissions":null,"icons":{},"iconURL":"chrome://browser/content/default-theme-icon.svg","icon64URL":null,"blocklistState":0,"blocklistURL":null},{"id":"{81BF1D23-5F17-408D-AC6B-BD6DF7CAF670}","syncGUID":"{0a3162c6-26e3-44e6-853c-1fb2d681cd0b}","location":"app-profile","version":"8.9.7","type":"extension","internalName":null,"updateURL":null,"updateKey":null,"optionsURL":"chrome://imacros/content/options.xul","optionsType":null,"aboutURL":null,"defaultLocale":{"name":"iMacros for Firefox","description":"Automate your web browser. Record and replay repetitious work.","creator":"iMacros, an Ipswitch Product","homepageURL":"http://www.iopus.com/imacros/firefox"},"visible":true,"active":true,"userDisabled":false,"appDisabled":false,"installDate":1610792098000,"updateDate":1610792098000,"applyBackgroundUpdates":1,"bootstrap":false,"path":"/root/.mozilla/firefox/1/extensions/{81BF1D23-5F17-408D-AC6B-BD6DF7CAF670}","skinnable":false,"size":1220594,"sourceURI":"file:///root/iMacros/imacros_for_firefox-8.9.7-fx.xpi","releaseNotesURI":null,"softDisabled":false,"foreignInstall":false,"hasBinaryComponents":false,"strictCompatibility":false,"locales":[],"targetApplications":[{"id":"{ec8030f7-c20a-464f-9b0e-13a3a9e97384}","minVersion":"28.*","maxVersion":"36.*"}],"targetPlatforms":[],"multiprocessCompatible":false,"signedState":2,"seen":true,"dependencies":[],"hasEmbeddedWebExtension":false,"mpcOptedOut":false,"userPermissions":null,"icons":{},"iconURL":"chrome://imacros/skin/logo_32x32.png","icon64URL":null,"blocklistState":0,"blocklistURL":null}]}