{"chrome://browser/content/browser.xul":{"navigator-toolbox":{"iconsize":"small"},"main-window":{"screenX":"0","screenY":"0","width":"1536","height":"677","sizemode":"normal"},"nav-bar":{"currentset":"urlbar-container,search-container,imacros-toggle-button,bookmarks-menu-button,downloads-button,home-button,pocket-button,screenshots_mozilla_org-browser-action"},"PersonalToolbar":{"collapsed":"false"},"sidebar-title":{"value":""}},"chrome://browser/content/sanitize.xul":{"SanitizeDialog":{"screenX":"541","screenY":"273"},"detailsExpander":{"class":"expander-up"},"itemList":{"collapsed":"false"}},"chrome://imacros/content/bookmark.xul":{"bookmark-location-menulist":{"selectedIndex":"1"}}}