{"chrome://browser/content/browser.xul":{"navigator-toolbox":{"iconsize":"small"},"titlebar-placeholder-on-menubar-for-caption-buttons":{"width":"138"},"titlebar-placeholder-on-TabsToolbar-for-captions-buttons":{"width":"138"},"main-window":{"screenX":"4","screenY":"4","width":"1280","height":"819","sizemode":"maximized"},"sidebar-box":{"sidebarcommand":"","width":""},"sidebar-title":{"value":""}},"chrome://browser/content/sanitize.xul":{"detailsExpander":{"class":"expander-up"},"itemList":{"collapsed":"false"},"SanitizeDialog":{"screenX":"756","screenY":"378"}}}